id,Pregunta
0,303
1,303
2,311
3,129
4,258
5,229
6,27
7,96
8,289
9,311
10,303
11,342
12,132
13,251
14,168
15,39
16,265
17,344
18,342
19,61
20,30
21,77
22,223
23,80
24,303
25,239
26,355
27,193
28,293
29,39
30,225
31,354
32,279
33,226
34,39
35,288
36,147
37,188
38,225
39,120
40,1
41,284
42,267
43,251
44,342
45,316
46,27
47,96
48,42
49,120
50,80
51,223
52,91
53,258
54,192
55,138
56,129
57,223
58,96
59,1
60,334
61,181
62,223
63,223
64,311
65,192
66,106
67,1
68,265
69,99
70,147
71,337
72,263
73,228
74,325
75,311
76,248
77,152
78,83
79,295
80,191
81,39
82,248
83,251
84,212
85,223
86,199
87,138
88,132
89,206
90,181
91,265
92,59
93,337
94,1
95,36
96,293
97,39
98,31
99,41
100,3
101,65
102,263
103,96
104,122
105,154
106,132
107,96
108,200
109,261
110,167
111,36
112,0
113,106
114,219
115,131
116,248
117,135
118,329
119,316
120,125
121,200
122,289
123,248
124,41
125,39
126,223
127,265
128,293
129,258
130,4
131,157
132,170
133,39
134,293
135,115
136,49
137,293
138,293
139,122
140,146
141,95
142,44
143,192
144,129
145,293
146,83
147,115
148,264
149,161
150,302
151,176
152,1
153,118
154,265
155,82
156,288
157,159
158,273
159,132
160,110
161,279
162,225
163,138
164,114
165,223
166,251
167,118
168,41
169,39
170,166
171,147
172,308
173,343
174,299
175,74
176,225
177,96
178,17
179,47
180,147
181,251
182,96
183,72
184,297
185,65
186,254
187,114
188,200
189,154
190,287
191,251
192,316
193,216
194,326
195,311
196,275
197,32
198,342
199,265
200,338
201,218
202,73
203,166
204,345
205,99
206,326
207,288
208,248
209,218
210,342
211,312
212,261
213,83
214,132
215,303
216,1
217,342
218,306
219,192
220,49
221,298
222,349
223,223
224,218
225,129
226,335
227,69
228,155
229,298
230,191
231,223
232,150
233,245
234,126
235,183
236,192
237,135
238,41
239,23
240,1
241,228
242,330
243,308
244,346
245,293
246,137
247,316
248,85
249,223
250,293
251,336
252,254
253,39
254,303
255,282
256,2
257,138
258,144
259,50
260,148
261,295
262,303
263,254
264,279
265,132
266,1
267,39
268,262
269,129
270,248
271,61
272,342
273,225
274,155
275,294
276,267
277,96
278,36
279,293
280,337
281,223
282,120
283,157
284,306
285,83
286,320
287,288
288,220
289,107
290,31
291,255
292,228
293,333
294,132
295,138
296,265
297,293
298,185
299,50
300,129
301,157
302,147
303,283
304,132
305,1
306,80
307,308
308,112
309,293
310,147
311,1
312,115
313,192
314,192
315,6
316,228
317,228
318,293
319,326
320,117
321,49
322,122
323,200
324,132
325,3
326,138
327,320
328,293
329,258
330,258
331,254
332,262
333,293
334,261
335,251
336,262
337,178
338,293
339,265
340,223
341,262
342,293
343,225
344,311
345,292
346,342
347,337
348,176
349,56
350,108
351,38
352,288
353,225
354,228
355,1
356,265
357,65
358,293
359,293
360,248
361,293
362,52
363,207
364,132
365,307
366,228
367,138
368,112
369,342
370,83
371,138
372,288
373,39
374,341
375,228
376,288
377,138
378,39
379,132
380,282
381,96
382,147
383,311
384,254
385,338
386,181
387,223
388,303
389,315
390,342
391,96
392,350
393,265
394,359
395,219
396,41
397,288
398,228
399,147
400,50
401,303
402,279
403,290
404,337
405,288
406,2
407,152
408,223
409,300
410,1
411,251
412,225
413,315
414,289
415,39
416,166
417,251
418,302
419,115
420,132
421,303
422,31
423,135
424,132
425,342
426,138
427,159
428,238
429,311
430,290
431,223
432,41
433,287
434,293
435,288
436,115
437,223
438,100
439,223
440,132
441,38
442,270
443,106
444,27
445,294
446,303
447,1
448,166
449,132
450,1
451,96
452,225
453,178
454,242
455,225
456,342
457,83
458,251
459,138
460,40
461,132
462,248
463,265
464,293
465,248
466,129
467,248
468,256
469,181
470,39
471,99
472,131
473,157
474,294
475,265
476,181
477,100
478,223
479,41
480,1
481,97
482,39
483,316
484,294
485,249
486,288
487,96
488,200
489,132
490,192
491,312
492,288
493,210
494,317
495,254
496,293
497,260
498,138
499,225
500,212
501,83
502,147
503,40
504,306
505,173
506,15
507,107
508,342
509,1
510,265
511,89
512,358
513,39
514,95
515,341
516,316
517,301
518,83
519,172
520,322
521,312
522,248
523,254
524,132
525,303
526,157
527,41
528,132
529,273
530,243
531,268
532,258
533,225
534,343
535,56
536,132
537,288
538,320
539,311
540,106
541,39
542,293
543,138
544,166
545,293
546,37
547,39
548,1
549,346
550,1
551,188
552,215
553,311
554,194
555,348
556,27
557,138
558,103
559,303
560,270
561,83
562,96
563,282
564,148
565,342
566,337
567,41
568,293
569,50
570,60
571,316
572,183
573,267
574,42
575,349
576,115
577,223
578,337
579,357
580,251
581,65
582,40
583,147
584,139
585,342
586,225
587,1
588,172
589,138
590,301
591,320
592,254
593,132
594,164
595,301
596,225
597,355
598,303
599,308
600,138
601,96
602,112
603,149
604,54
605,248
606,293
607,132
608,181
609,265
610,91
611,120
612,248
613,304
614,50
615,160
616,120
617,138
618,183
619,223
620,132
621,173
622,303
623,178
624,333
625,18
626,212
627,219
628,248
629,293
630,303
631,129
632,6
633,316
634,324
635,254
636,129
637,337
638,138
639,268
640,85
641,228
642,96
643,39
644,316
645,247
646,240
647,341
648,177
649,99
650,61
651,138
652,303
653,303
654,357
655,58
656,83
657,250
658,112
659,225
660,228
661,137
662,348
663,316
664,224
665,293
666,245
667,190
668,42
669,166
670,270
671,117
672,337
673,248
674,274
675,147
676,228
677,223
678,56
679,39
680,311
681,337
682,39
683,326
684,293
685,70
686,112
687,287
688,49
689,96
690,261
691,316
692,192
693,92
694,3
695,308
696,349
697,181
698,132
699,246
700,125
701,349
702,192
703,268
704,248
705,110
706,208
707,110
708,100
709,250
710,268
711,251
712,190
713,348
714,316
715,36
716,39
717,353
718,105
719,241
720,195
721,228
722,54
723,132
724,229
725,342
726,39
727,135
728,172
729,342
730,181
731,293
732,351
733,83
734,275
735,223
736,169
737,138
738,156
739,1
740,355
741,147
742,94
743,140
744,158
745,218
746,228
747,228
748,132
749,138
750,147
751,143
752,305
753,286
754,299
755,138
756,49
757,223
758,219
759,191
760,96
761,228
762,311
763,132
764,303
765,265
766,288
767,212
768,192
769,263
770,251
771,223
772,135
773,172
774,169
775,71
776,359
777,1
778,311
779,3
780,132
781,37
782,172
783,313
784,39
785,192
786,321
787,320
788,148
789,248
790,228
791,351
792,265
793,305
794,275
795,97
796,312
797,293
798,241
799,132
800,346
801,50
802,312
803,265
804,293
805,41
806,1
807,337
808,129
809,293
810,327
811,293
812,228
813,228
814,223
815,289
816,63
817,100
818,102
819,301
820,225
821,154
822,41
823,157
824,247
825,132
826,188
827,112
828,90
829,165
830,149
831,316
832,71
833,228
834,311
835,241
836,135
837,351
838,147
839,147
840,225
841,251
842,93
843,129
844,200
845,147
846,149
847,228
848,44
849,41
850,288
851,329
852,149
853,342
854,1
855,322
856,192
857,288
858,349
859,346
860,147
861,297
862,18
863,138
864,99
865,147
866,219
867,298
868,279
869,342
870,129
871,88
872,5
873,41
874,321
875,117
876,318
877,132
878,342
879,96
880,138
881,341
882,225
883,211
884,31
885,311
886,251
887,138
888,112
889,348
890,334
891,227
892,294
893,320
894,44
895,109
896,351
897,82
898,39
899,41
900,295
901,223
902,1
903,1
904,303
905,254
906,38
907,132
908,114
909,265
910,251
911,239
912,311
913,246
914,48
915,132
916,293
917,35
918,337
919,192
920,112
921,355
922,138
923,293
924,225
925,261
926,1
927,138
928,258
929,312
930,195
931,357
932,357
933,223
934,316
935,262
936,112
937,288
938,304
939,302
940,132
941,223
942,157
943,251
944,342
945,156
946,146
947,36
948,303
949,1
950,288
951,174
952,1
953,281
954,129
955,96
956,39
957,223
958,302
959,248
960,223
961,248
962,293
963,248
964,2
965,152
966,288
967,280
968,58
969,225
970,50
971,326
972,3
973,39
974,248
975,246
976,137
977,293
978,316
979,39
980,243
981,248
982,129
983,112
984,181
985,138
986,192
987,225
988,39
989,337
990,207
991,41
992,342
993,301
994,311
995,97
996,247
997,132
998,223
999,293
1000,1
1001,290
1002,348
1003,117
1004,138
1005,258
1006,27
1007,236
1008,178
1009,99
1010,31
1011,68
1012,125
1013,301
1014,39
1015,192
1016,132
1017,281
1018,92
1019,196
1020,279
1021,313
1022,129
1023,68
1024,334
1025,39
1026,172
1027,39
1028,251
1029,357
1030,316
1031,334
1032,246
1033,106
1034,31
1035,247
1036,261
1037,316
1038,1
1039,265
1040,39
1041,337
1042,114
1043,311
1044,316
1045,132
1046,248
1047,228
1048,259
1049,277
1050,207
1051,283
1052,223
1053,349
1054,351
1055,311
1056,132
1057,56
1058,316
1059,129
1060,125
1061,129
1062,138
1063,50
1064,270
1065,143
1066,293
1067,170
1068,303
1069,132
1070,329
1071,40
1072,258
1073,260
1074,248
1075,99
1076,243
1077,294
1078,322
1079,228
1080,227
1081,194
1082,248
1083,138
1084,332
1085,138
1086,316
1087,51
1088,248
1089,223
1090,288
1091,308
1092,115
1093,343
1094,129
1095,337
1096,96
1097,66
1098,138
1099,288
1100,31
1101,311
1102,39
1103,236
1104,265
1105,50
1106,135
1107,62
1108,282
1109,166
1110,39
1111,162
1112,38
1113,36
1114,42
1115,225
1116,5
1117,248
1118,248
1119,48
1120,345
1121,267
1122,135
1123,132
1124,93
1125,303
1126,316
1127,159
1128,132
1129,302
1130,57
1131,298
1132,228
1133,265
1134,216
1135,129
1136,223
1137,96
1138,279
1139,122
1140,88
1141,303
1142,96
1143,129
1144,143
1145,87
1146,211
1147,345
1148,303
1149,279
1150,267
1151,257
1152,192
1153,294
1154,223
1155,91
1156,223
1157,288
1158,267
1159,242
1160,1
1161,64
1162,342
1163,26
1164,279
1165,166
1166,265
1167,303
1168,293
1169,282
1170,265
1171,288
1172,65
1173,151
1174,346
1175,138
1176,2
1177,70
1178,181
1179,39
1180,338
1181,290
1182,284
1183,251
1184,191
1185,342
1186,147
1187,96
1188,50
1189,147
1190,157
1191,238
1192,169
1193,337
1194,36
1195,225
1196,288
1197,342
1198,323
1199,342
1200,147
1201,293
1202,248
1203,239
1204,246
1205,39
1206,237
1207,33
1208,99
1209,29
1210,147
1211,303
1212,91
1213,166
1214,340
1215,236
1216,148
1217,132
1218,223
1219,1
1220,147
1221,114
1222,223
1223,83
1224,316
1225,96
1226,75
1227,167
1228,288
1229,293
1230,265
1231,138
1232,331
1233,56
1234,262
1235,41
1236,288
1237,147
1238,342
1239,225
1240,129
1241,91
1242,157
1243,114
1244,283
1245,172
1246,248
1247,83
1248,181
1249,248
1250,114
1251,358
1252,41
1253,90
1254,182
1255,228
1256,225
1257,96
1258,1
1259,129
1260,143
1261,337
1262,334
1263,223
1264,54
1265,216
1266,288
1267,292
1268,303
1269,39
1270,112
1271,83
1272,320
1273,223
1274,147
1275,223
1276,288
1277,293
1278,311
1279,112
1280,132
1281,39
1282,303
1283,97
1284,355
1285,223
1286,155
1287,223
1288,150
1289,264
1290,93
1291,228
1292,337
1293,57
1294,54
1295,289
1296,99
1297,39
1298,307
1299,1
1300,147
1301,265
1302,236
1303,215
1304,117
1305,129
1306,239
1307,39
1308,359
1309,96
1310,287
1311,225
1312,251
1313,248
1314,225
1315,147
1316,316
1317,289
1318,157
1319,342
1320,357
1321,100
1322,293
1323,138
1324,239
1325,49
1326,211
1327,138
1328,293
1329,225
1330,293
1331,342
1332,132
1333,246
1334,140
1335,128
1336,243
1337,338
1338,96
1339,22
1340,351
1341,112
1342,248
1343,31
1344,132
1345,99
1346,281
1347,50
1348,50
1349,31
1350,138
1351,117
1352,338
1353,41
1354,231
1355,128
1356,337
1357,341
1358,288
1359,129
1360,316
1361,147
1362,302
1363,288
1364,337
1365,316
1366,149
1367,251
1368,132
1369,174
1370,293
1371,159
1372,225
1373,342
1374,248
1375,223
1376,49
1377,321
1378,294
1379,132
1380,216
1381,286
1382,1
1383,293
1384,0
1385,147
1386,326
1387,129
1388,293
1389,196
1390,249
1391,147
1392,251
1393,303
1394,1
1395,303
1396,286
1397,191
1398,252
1399,290
1400,99
1401,311
1402,331
1403,288
1404,316
1405,342
1406,337
1407,173
1408,311
1409,293
1410,244
1411,94
1412,359
1413,100
1414,359
1415,333
1416,29
1417,96
1418,160
1419,293
1420,157
1421,254
1422,225
1423,129
1424,49
1425,251
1426,39
1427,265
1428,147
1429,93
1430,342
1431,236
1432,223
1433,351
1434,334
1435,125
1436,264
1437,147
1438,236
1439,112
1440,117
1441,191
1442,249
1443,248
1444,103
1445,308
1446,219
1447,264
1448,225
1449,41
1450,292
1451,293
1452,93
1453,173
1454,135
1455,96
1456,31
1457,108
1458,303
1459,247
1460,303
1461,181
1462,30
1463,225
1464,289
1465,258
1466,195
1467,311
1468,236
1469,286
1470,147
1471,132
1472,239
1473,118
1474,128
1475,203
1476,225
1477,97
1478,78
1479,240
1480,312
1481,110
1482,311
1483,127
1484,129
1485,96
1486,147
1487,263
1488,138
1489,132
1490,29
1491,248
1492,311
1493,128
1494,225
1495,248
1496,132
1497,225
1498,172
1499,110
1500,41
1501,1
1502,247
1503,306
1504,35
1505,132
1506,359
1507,228
1508,347
1509,77
1510,265
1511,337
1512,19
1513,63
1514,223
1515,129
1516,312
1517,172
1518,56
1519,338
1520,258
1521,132
1522,132
1523,228
1524,1
1525,193
1526,303
1527,264
1528,325
1529,99
1530,129
1531,35
1532,286
1533,193
1534,1
1535,197
1536,223
1537,138
1538,251
1539,294
1540,96
1541,279
1542,338
1543,223
1544,342
1545,117
1546,117
1547,349
1548,61
1549,34
1550,297
1551,251
1552,307
1553,154
1554,126
1555,289
1556,1
1557,345
1558,12
1559,135
1560,190
1561,60
1562,41
1563,1
1564,311
1565,223
1566,129
1567,254
1568,41
1569,41
1570,293
1571,199
1572,41
1573,303
1574,129
1575,333
1576,261
1577,316
1578,283
1579,267
1580,301
1581,262
1582,98
1583,129
1584,86
1585,146
1586,27
1587,288
1588,303
1589,293
1590,192
1591,69
1592,112
1593,293
1594,160
1595,39
1596,178
1597,248
1598,39
1599,129
1600,238
1601,147
1602,138
1603,353
1604,320
1605,293
1606,61
1607,350
1608,39
1609,262
1610,297
1611,293
1612,323
1613,290
1614,132
1615,266
1616,44
1617,228
1618,41
1619,316
1620,112
1621,175
1622,132
1623,42
1624,264
1625,288
1626,239
1627,138
1628,3
1629,1
1630,251
1631,65
1632,337
1633,117
1634,262
1635,39
1636,166
1637,293
1638,342
1639,221
1640,279
1641,258
1642,258
1643,278
1644,251
1645,260
1646,162
1647,130
1648,312
1649,132
1650,147
1651,129
1652,49
1653,293
1654,145
1655,303
1656,37
1657,1
1658,223
1659,129
1660,129
1661,343
1662,311
1663,83
1664,147
1665,129
1666,97
1667,316
1668,299
1669,325
1670,147
1671,129
1672,96
1673,39
1674,138
1675,219
1676,147
1677,193
1678,225
1679,351
1680,1
1681,223
1682,304
1683,93
1684,163
1685,219
1686,189
1687,225
1688,245
1689,303
1690,345
1691,304
1692,303
1693,41
1694,30
1695,316
1696,129
1697,225
1698,132
1699,39
1700,215
1701,248
1702,112
1703,288
1704,189
1705,265
1706,85
1707,132
1708,3
1709,118
1710,251
1711,265
1712,311
1713,302
1714,342
1715,129
1716,256
1717,312
1718,29
1719,248
1720,59
1721,138
1722,243
1723,251
1724,303
1725,225
1726,337
1727,351
1728,129
1729,132
1730,251
1731,342
1732,98
1733,316
1734,288
1735,157
1736,287
1737,1
1738,265
1739,303
1740,288
1741,194
1742,85
1743,283
1744,242
1745,255
1746,245
1747,332
1748,357
1749,138
1750,136
1751,0
1752,132
1753,240
1754,282
1755,57
1756,299
1757,273
1758,248
1759,249
1760,223
1761,98
1762,266
1763,98
1764,44
1765,138
1766,211
1767,265
1768,83
1769,117
1770,147
1771,32
1772,305
1773,338
1774,39
1775,315
1776,254
1777,137
1778,132
1779,293
1780,112
1781,315
1782,79
1783,223
1784,1
1785,58
1786,57
1787,293
1788,261
1789,339
1790,147
1791,147
1792,294
1793,176
1794,132
1795,135
1796,298
1797,192
1798,211
1799,349
1800,342
1801,342
1802,181
1803,37
1804,311
1805,71
1806,293
1807,56
1808,41
1809,223
1810,251
1811,1
1812,39
1813,192
1814,303
1815,293
1816,135
1817,223
1818,223
1819,293
1820,251
1821,1
1822,97
1823,149
1824,288
1825,351
1826,132
1827,337
1828,96
1829,126
1830,175
1831,29
1832,34
1833,283
1834,223
1835,183
1836,1
1837,342
1838,337
1839,129
1840,42
1841,99
1842,112
1843,49
1844,228
1845,293
1846,129
1847,144
1848,84
1849,132
1850,129
1851,1
1852,132
1853,342
1854,301
1855,251
1856,30
1857,228
1858,147
1859,129
1860,248
1861,293
1862,223
1863,251
1864,125
1865,132
1866,245
1867,288
1868,49
1869,342
1870,251
1871,32
1872,114
1873,59
1874,353
1875,39
1876,147
1877,135
1878,293
1879,303
1880,340
1881,93
1882,192
1883,32
1884,147
1885,1
1886,148
1887,167
1888,311
1889,112
1890,303
1891,316
1892,288
1893,279
1894,288
1895,145
1896,132
1897,293
1898,288
1899,172
1900,342
1901,132
1902,39
1903,138
1904,172
1905,223
1906,108
1907,355
1908,40
1909,248
1910,96
1911,293
1912,41
1913,249
1914,127
1915,293
1916,50
1917,288
1918,350
1919,342
1920,134
1921,337
1922,288
1923,96
1924,138
1925,253
1926,200
1927,147
1928,96
1929,304
1930,138
1931,192
1932,251
1933,147
1934,196
1935,293
1936,195
1937,228
1938,223
1939,57
1940,56
1941,338
1942,50
1943,39
1944,138
1945,138
1946,223
1947,248
1948,195
1949,50
1950,1
1951,248
1952,309
1953,238
1954,337
1955,30
1956,293
1957,17
1958,270
1959,132
1960,293
1961,72
1962,311
1963,257
1964,217
1965,172
1966,41
1967,178
1968,248
1969,320
1970,160
1971,265
1972,273
1973,264
1974,147
1975,288
1976,253
1977,1
1978,183
1979,274
1980,129
1981,115
1982,311
1983,190
1984,72
1985,91
1986,1
1987,80
1988,293
1989,65
1990,279
1991,340
1992,129
1993,56
1994,303
1995,79
1996,313
1997,83
1998,342
1999,3
2000,132
2001,132
2002,303
2003,39
2004,172
2005,190
2006,316
2007,242
2008,342
2009,288
2010,69
2011,128
2012,140
2013,129
2014,156
2015,342
2016,106
2017,264
2018,17
2019,203
2020,288
2021,316
2022,36
2023,146
2024,292
2025,342
2026,147
2027,39
2028,132
2029,337
2030,39
2031,300
2032,96
2033,188
2034,129
2035,316
2036,115
2037,349
2038,225
2039,304
2040,293
2041,135
2042,261
2043,265
2044,251
2045,301
2046,287
2047,303
2048,207
2049,327
2050,194
2051,147
2052,342
2053,112
2054,138
2055,311
2056,322
2057,125
2058,293
2059,225
2060,139
2061,311
2062,225
2063,1
2064,293
2065,248
2066,138
2067,228
2068,1
2069,214
2070,147
2071,228
2072,246
2073,223
2074,322
2075,329
2076,228
2077,199
2078,322
2079,265
2080,283
2081,225
2082,210
2083,209
2084,225
2085,250
2086,86
2087,225
2088,125
2089,303
2090,1
2091,166
2092,50
2093,293
2094,110
2095,200
2096,357
2097,295
2098,147
2099,49
2100,248
2101,117
2102,46
2103,51
2104,288
2105,37
2106,274
2107,39
2108,225
2109,102
2110,289
2111,341
2112,104
2113,236
2114,251
2115,190
2116,297
2117,36
2118,303
2119,223
2120,262
2121,225
2122,178
2123,288
2124,293
2125,329
2126,301
2127,97
2128,223
2129,262
2130,248
2131,274
2132,31
2133,62
2134,39
2135,225
2136,254
2137,133
2138,246
2139,138
2140,96
2141,5
2142,333
2143,178
2144,180
2145,132
2146,196
2147,100
2148,342
2149,240
2150,293
2151,306
2152,175
2153,138
2154,49
2155,39
2156,233
2157,172
2158,166
2159,105
2160,96
2161,337
2162,92
2163,56
2164,265
2165,265
2166,303
2167,246
2168,147
2169,100
2170,60
2171,57
2172,50
2173,223
2174,289
2175,37
2176,248
2177,135
2178,289
2179,342
2180,147
2181,279
2182,353
2183,274
2184,305
2185,120
2186,134
2187,337
2188,112
2189,132
2190,303
2191,248
2192,265
2193,332
2194,147
2195,273
2196,31
2197,294
2198,129
2199,299
2200,329
2201,240
2202,340
2203,89
2204,271
2205,194
2206,147
2207,125
2208,1
2209,228
2210,316
2211,132
2212,138
2213,132
2214,322
2215,132
2216,303
2217,223
2218,36
2219,148
2220,351
2221,164
2222,145
2223,92
2224,337
2225,87
2226,322
2227,289
2228,0
2229,96
2230,231
2231,334
2232,319
2233,312
2234,311
2235,289
2236,292
2237,190
2238,351
2239,248
2240,96
2241,80
2242,39
2243,3
2244,225
2245,293
2246,293
2247,293
2248,133
2249,77
2250,151
2251,195
2252,319
2253,169
2254,298
2255,112
2256,1
2257,125
2258,265
2259,303
2260,39
2261,228
2262,166
2263,55
2264,53
2265,140
2266,341
2267,147
2268,294
2269,132
2270,357
2271,50
2272,97
2273,117
2274,147
2275,303
2276,225
2277,36
2278,4
2279,49
2280,132
2281,308
2282,223
2283,258
2284,117
2285,50
2286,96
2287,96
2288,195
2289,303
2290,32
2291,223
2292,293
2293,147
2294,293
2295,39
2296,251
2297,108
2298,261
2299,242
2300,248
2301,143
2302,270
2303,1
2304,53
2305,192
2306,293
2307,125
2308,293
2309,96
2310,223
2311,303
2312,342
2313,322
2314,225
2315,39
2316,248
2317,65
2318,192
2319,286
2320,39
2321,289
2322,293
2323,249
2324,283
2325,245
2326,188
2327,248
2328,112
2329,132
2330,235
2331,39
2332,288
2333,40
2334,147
2335,311
2336,132
2337,261
2338,261
2339,303
2340,316
2341,342
2342,143
2343,261
2344,132
2345,223
2346,112
2347,41
2348,139
2349,311
2350,349
2351,129
2352,172
2353,45
2354,225
2355,30
2356,330
2357,210
2358,85
2359,49
2360,248
2361,308
2362,312
2363,181
2364,288
2365,228
2366,313
2367,129
2368,184
2369,96
2370,279
2371,311
2372,326
2373,5
2374,303
2375,223
2376,228
2377,223
2378,302
2379,166
2380,316
2381,251
2382,332
2383,355
2384,228
2385,138
2386,337
2387,125
2388,93
2389,102
2390,132
2391,265
2392,36
2393,301
2394,302
2395,181
2396,27
2397,96
2398,311
2399,192
2400,303
2401,286
2402,206
2403,65
2404,248
2405,115
2406,223
2407,355
2408,112
2409,228
2410,284
2411,107
2412,132
2413,1
2414,125
2415,172
2416,355
2417,288
2418,261
2419,294
2420,138
2421,261
2422,223
2423,273
2424,132
2425,147
2426,65
2427,147
2428,316
2429,38
2430,41
2431,288
2432,194
2433,132
2434,333
2435,49
2436,41
2437,145
2438,228
2439,308
2440,265
2441,129
2442,251
2443,279
2444,243
2445,129
2446,132
2447,338
2448,290
2449,231
2450,110
2451,132
2452,62
2453,129
2454,132
2455,118
2456,342
2457,156
2458,106
2459,248
2460,45
2461,38
2462,270
2463,138
2464,283
2465,293
2466,39
2467,297
2468,129
2469,55
2470,337
2471,200
2472,49
2473,297
2474,137
2475,115
2476,129
2477,39
2478,269
2479,325
2480,249
2481,351
2482,248
2483,225
2484,312
2485,288
2486,56
2487,274
2488,223
2489,1
2490,97
2491,251
2492,73
2493,216
2494,288
2495,112
2496,80
2497,223
2498,128
2499,287
2500,303
2501,288
2502,147
2503,31
2504,288
2505,254
2506,110
2507,358
2508,83
2509,265
2510,96
2511,125
2512,250
2513,289
2514,279
2515,112
2516,89
2517,303
2518,288
2519,190
2520,223
2521,311
2522,125
2523,132
2524,147
2525,249
2526,248
2527,191
2528,147
2529,192
2530,225
2531,41
2532,293
2533,138
2534,280
2535,294
2536,1
2537,147
2538,265
2539,230
2540,285
2541,96
2542,251
2543,236
2544,265
2545,248
2546,138
2547,261
2548,337
2549,293
2550,112
2551,292
2552,40
2553,147
2554,35
2555,39
2556,283
2557,219
2558,337
2559,306
2560,175
2561,293
2562,147
2563,223
2564,303
2565,337
2566,293
2567,138
2568,355
2569,251
2570,276
2571,138
2572,39
2573,266
2574,151
2575,231
2576,265
2577,162
2578,293
2579,98
2580,251
2581,223
2582,337
2583,50
2584,228
2585,283
2586,114
2587,114
2588,233
2589,39
2590,265
2591,112
2592,320
2593,129
2594,1
2595,96
2596,251
2597,288
2598,156
2599,251
2600,258
2601,106
2602,337
2603,298
2604,223
2605,223
2606,303
2607,132
2608,178
2609,239
2610,192
2611,147
2612,225
2613,132
2614,132
2615,41
2616,293
2617,5
2618,30
2619,132
2620,129
2621,348
2622,112
2623,32
2624,288
2625,250
2626,311
2627,175
2628,147
2629,39
2630,351
2631,223
2632,68
2633,311
2634,322
2635,298
2636,34
2637,63
2638,248
2639,274
2640,147
2641,96
2642,320
2643,112
2644,251
2645,311
2646,260
2647,96
2648,303
2649,359
2650,270
2651,39
2652,129
2653,288
2654,96
2655,41
2656,316
2657,158
2658,265
2659,223
2660,39
2661,133
2662,265
2663,311
2664,145
2665,0
2666,56
2667,337
2668,286
2669,96
2670,283
2671,288
2672,192
2673,207
2674,132
2675,176
2676,303
2677,288
2678,316
2679,178
2680,41
2681,212
2682,112
2683,99
2684,263
2685,188
2686,265
2687,132
2688,143
2689,83
2690,223
2691,5
2692,304
2693,236
2694,316
2695,250
2696,41
2697,290
2698,192
2699,52
2700,304
2701,96
2702,265
2703,350
2704,143
2705,288
2706,299
2707,138
2708,248
2709,132
2710,108
2711,1
2712,192
2713,169
2714,33
2715,311
2716,223
2717,172
2718,288
2719,316
2720,71
2721,102
2722,279
2723,316
2724,69
2725,223
2726,303
2727,316
2728,147
2729,66
2730,138
2731,311
2732,288
2733,256
2734,39
2735,238
2736,228
2737,324
2738,197
2739,251
2740,293
2741,82
2742,125
2743,166
2744,316
2745,132
2746,141
2747,293
2748,281
2749,191
2750,265
2751,223
2752,217
2753,166
2754,132
2755,146
2756,251
2757,219
2758,26
2759,132
2760,246
2761,342
2762,288
2763,266
2764,286
2765,96
2766,96
2767,103
2768,132
2769,316
2770,138
2771,223
2772,162
2773,181
2774,359
2775,292
2776,39
2777,293
2778,254
2779,110
2780,138
2781,177
2782,312
2783,124
2784,303
2785,174
2786,176
2787,322
2788,117
2789,52
2790,279
2791,303
2792,262
2793,147
2794,118
2795,137
2796,342
2797,267
2798,265
2799,359
2800,288
2801,162
2802,289
2803,223
2804,166
2805,110
2806,225
2807,316
2808,1
2809,117
2810,157
2811,248
2812,357
2813,301
2814,288
2815,311
2816,294
2817,102
2818,39
2819,166
2820,207
2821,129
2822,36
2823,132
2824,223
2825,112
2826,293
2827,129
2828,293
2829,117
2830,138
2831,36
2832,41
2833,303
2834,96
2835,4
2836,207
2837,322
2838,132
2839,251
2840,287
2841,193
2842,251
2843,153
2844,303
2845,251
2846,99
2847,147
2848,96
2849,251
2850,293
2851,303
2852,288
2853,342
2854,245
2855,70
2856,96
2857,210
2858,265
2859,147
2860,261
2861,301
2862,265
2863,96
2864,135
2865,89
2866,138
2867,176
2868,228
2869,138
2870,192
2871,316
2872,265
2873,110
2874,228
2875,241
2876,177
2877,337
2878,293
2879,39
2880,293
2881,132
2882,112
2883,251
2884,263
2885,265
2886,248
2887,96
2888,181
2889,41
2890,110
2891,238
2892,298
2893,301
2894,210
2895,1
2896,138
2897,112
2898,248
2899,311
2900,167
2901,293
2902,349
2903,94
2904,303
2905,110
2906,39
2907,118
2908,288
2909,112
2910,115
2911,236
2912,348
2913,30
2914,223
2915,258
2916,112
2917,138
2918,132
2919,270
2920,103
2921,1
2922,83
2923,311
2924,223
2925,287
2926,303
2927,270
2928,301
2929,50
2930,264
2931,293
2932,158
2933,302
2934,332
2935,243
2936,117
2937,303
2938,355
2939,294
2940,351
2941,147
2942,270
2943,223
2944,83
2945,311
2946,312
2947,308
2948,265
2949,1
2950,147
2951,235
2952,114
2953,189
2954,189
2955,304
2956,258
2957,71
2958,265
2959,289
2960,132
2961,77
2962,248
2963,299
2964,312
2965,312
2966,258
2967,129
2968,287
2969,129
2970,299
2971,166
2972,265
2973,241
2974,303
2975,338
2976,158
2977,97
2978,3
2979,132
2980,245
2981,22
2982,39
2983,106
2984,129
2985,132
2986,315
2987,159
2988,39
2989,355
2990,258
2991,228
2992,279
2993,289
2994,225
2995,112
2996,303
2997,288
2998,303
2999,251
3000,39
3001,193
3002,166
3003,342
3004,228
3005,225
3006,274
3007,225
3008,293
3009,243
3010,223
3011,302
3012,132
3013,308
3014,341
3015,65
3016,96
3017,339
3018,195
3019,293
3020,99
3021,243
3022,293
3023,140
3024,138
3025,38
3026,112
3027,311
3028,117
3029,286
3030,181
3031,223
3032,281
3033,223
3034,129
3035,135
3036,293
3037,96
3038,237
3039,190
3040,265
3041,58
3042,316
3043,236
3044,228
3045,279
3046,138
3047,248
3048,4
3049,99
3050,359
3051,129
3052,302
3053,147
3054,44
3055,1
3056,48
3057,39
3058,349
3059,301
3060,248
3061,216
3062,303
3063,166
3064,185
3065,112
3066,80
3067,135
3068,117
3069,1
3070,223
3071,41
3072,207
3073,65
3074,353
3075,312
3076,258
3077,27
3078,37
3079,337
3080,200
3081,99
3082,322
3083,353
3084,3
3085,304
3086,293
3087,303
3088,1
3089,129
3090,264
3091,248
3092,83
3093,29
3094,334
3095,179
3096,1
3097,262
3098,96
3099,29
3100,147
3101,293
3102,50
3103,1
3104,251
3105,93
3106,249
3107,41
3108,193
3109,41
3110,265
3111,223
3112,311
3113,258
3114,174
3115,220
3116,266
3117,147
3118,358
3119,288
3120,96
3121,288
3122,39
3123,73
3124,303
3125,147
3126,265
3127,302
3128,293
3129,42
3130,245
3131,288
3132,156
3133,41
3134,267
3135,192
3136,311
3137,223
3138,288
3139,129
3140,304
3141,293
3142,132
3143,228
3144,312
3145,297
3146,288
3147,132
3148,338
3149,138
3150,261
3151,78
3152,132
3153,293
3154,248
3155,117
3156,316
3157,112
3158,153
3159,248
3160,172
3161,96
3162,231
3163,286
3164,98
3165,135
3166,39
3167,129
3168,303
3169,256
3170,264
3171,288
3172,303
3173,332
3174,346
3175,100
3176,348
3177,107
3178,288
3179,166
3180,342
3181,265
3182,342
3183,286
3184,266
3185,110
3186,105
3187,112
3188,279
3189,293
3190,251
3191,228
3192,147
3193,155
3194,77
3195,288
3196,166
3197,288
3198,225
3199,192
3200,96
3201,257
3202,288
3203,337
3204,289
3205,112
3206,242
3207,195
3208,68
3209,41
3210,147
3211,351
3212,301
3213,147
3214,132
3215,342
3216,225
3217,223
3218,68
3219,27
3220,304
3221,291
3222,39
3223,100
3224,191
3225,138
3226,132
3227,251
3228,265
3229,5
3230,35
3231,146
3232,293
3233,129
3234,225
3235,228
3236,342
3237,301
3238,279
3239,223
3240,303
3241,178
3242,292
3243,175
3244,293
3245,334
3246,261
3247,16
3248,138
3249,316
3250,144
3251,41
3252,147
3253,132
3254,91
3255,265
3256,265
3257,264
3258,96
3259,132
3260,286
3261,95
3262,193
3263,138
3264,288
3265,298
3266,311
3267,293
3268,229
3269,192
3270,135
3271,288
3272,101
3273,1
3274,274
3275,223
3276,225
3277,65
3278,155
3279,39
3280,232
3281,41
3282,166
3283,258
3284,303
3285,1
3286,1
3287,166
3288,325
3289,159
3290,138
3291,349
3292,316
3293,357
3294,338
3295,125
3296,129
3297,225
3298,27
3299,279
3300,251
3301,223
3302,358
3303,1
3304,166
3305,103
3306,38
3307,251
3308,294
3309,191
3310,311
3311,142
3312,311
3313,132
3314,147
3315,1
3316,313
3317,150
3318,132
3319,293
3320,225
3321,27
3322,147
3323,37
3324,77
3325,129
3326,219
3327,245
3328,85
3329,223
3330,264
3331,112
3332,282
3333,303
3334,311
3335,249
3336,37
3337,39
3338,68
3339,311
3340,347
3341,65
3342,39
3343,147
3344,288
3345,132
3346,115
3347,65
3348,288
3349,1
3350,106
3351,42
3352,200
3353,250
3354,32
3355,41
3356,228
3357,36
3358,316
3359,342
3360,289
3361,27
3362,176
3363,293
3364,286
3365,254
3366,223
3367,251
3368,1
3369,39
3370,304
3371,132
3372,115
3373,283
3374,12
3375,228
3376,316
3377,309
3378,1
3379,301
3380,112
3381,337
3382,132
3383,320
3384,132
3385,224
3386,236
3387,191
3388,96
3389,248
3390,289
3391,249
3392,303
3393,129
3394,129
3395,129
3396,311
3397,96
3398,39
3399,138
3400,182
3401,248
3402,1
3403,147
3404,322
3405,311
3406,132
3407,251
3408,39
3409,122
3410,248
3411,303
3412,258
3413,41
3414,302
3415,249
3416,248
3417,1
3418,138
3419,356
3420,56
3421,288
3422,41
3423,258
3424,39
3425,132
3426,322
3427,36
3428,249
3429,308
3430,337
3431,115
3432,72
3433,336
3434,275
3435,192
3436,112
3437,288
3438,320
3439,249
3440,147
3441,293
3442,236
3443,1
3444,138
3445,108
3446,241
3447,339
3448,351
3449,65
3450,316
3451,40
3452,293
3453,277
3454,91
3455,293
3456,164
3457,316
3458,293
3459,91
3460,303
3461,188
3462,193
3463,326
3464,99
3465,293
3466,294
3467,39
3468,27
3469,138
3470,171
3471,289
3472,303
3473,129
3474,39
3475,280
3476,147
3477,112
3478,289
3479,267
3480,225
3481,297
3482,303
3483,49
3484,178
3485,147
3486,342
3487,225
3488,93
3489,262
3490,129
3491,359
3492,223
3493,138
3494,248
3495,122
3496,36
3497,228
3498,249
3499,39
3500,129
3501,223
3502,302
3503,223
3504,302
3505,132
3506,340
3507,181
3508,200
3509,316
3510,1
3511,293
3512,325
3513,27
3514,39
3515,285
3516,316
3517,322
3518,316
3519,102
3520,288
3521,47
3522,251
3523,61
3524,15
3525,168
3526,39
3527,96
3528,303
3529,27
3530,251
3531,357
3532,337
3533,297
3534,157
3535,89
3536,311
3537,193
3538,3
3539,311
3540,292
3541,355
3542,125
3543,279
3544,138
3545,118
3546,147
3547,39
3548,284
3549,132
3550,303
3551,303
3552,223
3553,195
3554,105
3555,206
3556,251
3557,292
3558,129
3559,183
3560,303
3561,316
3562,132
3563,39
3564,1
3565,36
3566,83
3567,38
3568,246
3569,316
3570,56
3571,138
3572,293
3573,112
3574,316
3575,39
3576,289
3577,323
3578,1
3579,316
3580,39
3581,129
3582,112
3583,293
3584,39
3585,181
3586,228
3587,254
3588,103
3589,61
3590,279
3591,1
3592,80
3593,147
3594,29
3595,311
3596,337
3597,157
3598,96
3599,1
3600,100
3601,41
3602,23
3603,147
3604,294
3605,304
3606,183
3607,70
3608,248
3609,357
3610,39
3611,129
3612,69
3613,112
3614,132
3615,129
3616,265
3617,41
3618,221
3619,132
3620,129
3621,192
3622,132
3623,293
3624,96
3625,36
3626,147
3627,52
3628,223
3629,337
3630,326
3631,311
3632,325
3633,42
3634,169
3635,303
3636,96
3637,219
3638,195
3639,316
3640,294
3641,98
3642,261
3643,166
3644,157
3645,289
3646,90
3647,1
3648,245
3649,312
3650,225
3651,342
3652,267
3653,129
3654,106
3655,223
3656,288
3657,260
3658,118
3659,132
3660,61
3661,96
3662,228
3663,303
3664,323
3665,303
3666,247
3667,42
3668,167
3669,311
3670,39
3671,1
3672,293
3673,5
3674,308
3675,56
3676,357
3677,225
3678,128
3679,41
3680,42
3681,77
3682,29
3683,235
3684,251
3685,248
3686,318
3687,223
3688,50
3689,118
3690,1
3691,345
3692,342
3693,225
3694,288
3695,293
3696,212
3697,259
3698,267
3699,284
3700,292
3701,163
3702,262
3703,206
3704,322
3705,96
3706,39
3707,118
3708,256
3709,332
3710,132
3711,223
3712,1
3713,258
3714,77
3715,192
3716,285
3717,351
3718,338
3719,316
3720,265
3721,38
3722,311
3723,39
3724,235
3725,102
3726,342
3727,218
3728,190
3729,337
3730,83
3731,316
3732,342
3733,275
3734,311
3735,244
3736,239
3737,132
3738,303
3739,288
3740,316
3741,287
3742,161
3743,109
3744,96
3745,288
3746,289
3747,223
3748,355
3749,96
3750,251
3751,192
3752,181
3753,249
3754,77
3755,132
3756,251
3757,129
3758,256
3759,132
3760,86
3761,331
3762,251
3763,132
3764,311
3765,166
3766,311
3767,245
3768,239
3769,22
3770,132
3771,316
3772,192
3773,147
3774,129
3775,304
3776,129
3777,236
3778,276
3779,195
3780,1
3781,251
3782,195
3783,342
3784,132
3785,293
3786,289
3787,125
3788,153
3789,103
3790,225
3791,5
3792,135
3793,157
3794,261
3795,39
3796,181
3797,287
3798,228
3799,112
3800,345
3801,293
3802,293
3803,147
3804,138
3805,174
3806,225
3807,316
3808,39
3809,38
3810,266
3811,36
3812,94
3813,39
3814,3
3815,267
3816,117
3817,249
3818,311
3819,251
3820,98
3821,302
3822,96
3823,234
3824,248
3825,359
3826,205
3827,138
3828,83
3829,306
3830,41
3831,172
3832,248
3833,288
3834,138
3835,132
3836,147
3837,316
3838,223
3839,132
3840,103
3841,263
3842,73
3843,248
3844,129
3845,337
3846,293
3847,326
3848,223
3849,77
3850,41
3851,86
3852,91
3853,303
3854,248
3855,325
3856,36
3857,288
3858,210
3859,342
3860,293
3861,147
3862,147
3863,132
3864,289
3865,30
3866,359
3867,39
3868,294
3869,83
3870,138
3871,39
3872,112
3873,251
3874,311
3875,357
3876,293
3877,289
3878,166
3879,316
3880,39
3881,112
3882,241
3883,316
3884,293
3885,56
3886,85
3887,248
3888,357
3889,311
3890,298
3891,342
3892,129
3893,301
3894,132
3895,223
3896,225
3897,93
3898,309
3899,291
3900,41
3901,301
3902,159
3903,99
3904,41
3905,294
3906,337
3907,322
3908,132
3909,56
3910,34
3911,282
3912,39
3913,303
3914,135
3915,99
3916,223
3917,303
3918,268
3919,139
3920,267
3921,103
3922,267
3923,316
3924,132
3925,251
3926,157
3927,147
3928,288
3929,187
3930,3
3931,254
3932,303
3933,288
3934,106
3935,1
3936,137
3937,343
3938,39
3939,308
3940,132
3941,251
3942,5
3943,258
3944,1
3945,96
3946,1
3947,150
3948,223
3949,158
3950,103
3951,96
3952,293
3953,181
3954,129
3955,225
3956,166
3957,166
3958,80
3959,192
3960,41
3961,39
3962,65
3963,49
3964,100
3965,201
3966,302
3967,302
3968,216
3969,129
3970,166
3971,265
3972,81
3973,248
3974,276
3975,91
3976,225
3977,303
3978,132
3979,47
3980,267
3981,83
3982,77
3983,192
3984,138
3985,293
3986,97
3987,112
3988,49
3989,324
3990,308
3991,129
3992,223
3993,39
3994,147
3995,303
3996,145
3997,244
3998,322
3999,96
4000,337
4001,212
4002,138
4003,337
4004,112
4005,251
4006,177
4007,27
4008,39
4009,195
4010,164
4011,225
4012,286
4013,337
4014,303
4015,49
4016,192
4017,39
4018,112
4019,96
4020,313
4021,306
4022,309
4023,132
4024,251
4025,225
4026,239
4027,223
4028,1
4029,232
4030,258
4031,215
4032,39
4033,311
4034,204
4035,225
4036,1
4037,42
4038,246
4039,258
4040,112
4041,303
4042,39
4043,248
4044,275
4045,265
4046,313
4047,293
4048,303
4049,337
4050,283
4051,81
4052,246
4053,329
4054,206
4055,166
4056,105
4057,316
4058,219
4059,303
4060,243
4061,3
4062,264
4063,159
4064,293
4065,306
4066,39
4067,157
4068,242
4069,323
4070,359
4071,5
4072,326
4073,147
4074,337
4075,316
4076,289
4077,225
4078,132
4079,251
4080,248
4081,331
4082,96
4083,288
4084,256
4085,347
4086,132
4087,301
4088,251
4089,86
4090,96
4091,129
4092,117
4093,316
4094,337
4095,293
4096,265
4097,303
4098,193
4099,294
4100,39
4101,337
4102,297
4103,128
4104,288
4105,293
4106,1
4107,274
4108,1
4109,316
4110,77
4111,303
4112,132
4113,132
4114,1
4115,287
4116,331
4117,337
4118,103
4119,112
4120,54
4121,132
4122,92
4123,184
4124,27
4125,225
4126,239
4127,243
4128,129
4129,33
4130,311
4131,223
4132,141
4133,147
4134,44
4135,39
4136,316
4137,97
4138,132
4139,1
4140,177
4141,44
4142,311
4143,145
4144,5
4145,320
4146,286
4147,260
4148,39
4149,322
4150,128
4151,228
4152,297
4153,132
4154,288
4155,132
4156,42
4157,132
4158,225
4159,224
4160,225
4161,96
4162,288
4163,293
4164,251
4165,181
4166,342
4167,110
4168,138
4169,303
4170,3
4171,147
4172,151
4173,156
4174,251
4175,91
4176,298
4177,303
4178,202
4179,343
4180,129
4181,312
4182,225
4183,303
4184,96
4185,157
4186,223
4187,61
4188,228
4189,41
4190,147
4191,233
4192,293
4193,147
4194,96
4195,308
4196,39
4197,228
4198,89
4199,282
4200,228
4201,122
4202,110
4203,293
4204,264
4205,140
4206,90
4207,192
4208,225
4209,132
4210,147
4211,192
4212,132
4213,274
4214,108
4215,132
4216,232
4217,41
4218,147
4219,1
4220,311
4221,300
4222,115
4223,129
4224,112
4225,77
4226,337
4227,228
4228,288
4229,238
4230,1
4231,107
4232,36
4233,342
4234,308
4235,118
4236,76
4237,267
4238,137
4239,342
4240,303
4241,138
4242,283
4243,223
4244,41
4245,223
4246,147
4247,293
4248,27
4249,97
4250,303
4251,286
4252,355
4253,86
4254,303
4255,251
4256,1
4257,293
4258,311
4259,39
4260,248
4261,264
4262,345
4263,166
4264,296
4265,132
4266,228
4267,212
4268,306
4269,248
4270,342
4271,125
4272,341
4273,254
4274,355
4275,228
4276,307
4277,112
4278,248
4279,225
4280,27
4281,303
4282,228
4283,147
4284,299
4285,129
4286,68
4287,359
4288,322
4289,225
4290,31
4291,248
4292,288
4293,2
4294,342
4295,264
4296,129
4297,312
4298,353
4299,147
4300,331
4301,88
4302,223
4303,265
4304,29
4305,132
4306,293
4307,147
4308,210
4309,65
4310,225
4311,298
4312,132
4313,1
4314,219
4315,185
4316,312
4317,306
4318,335
4319,55
4320,342
4321,225
4322,147
4323,61
4324,112
4325,202
4326,303
4327,247
4328,223
4329,289
4330,323
4331,265
4332,2
4333,301
4334,6
4335,54
4336,83
4337,136
4338,288
4339,76
4340,132
4341,185
4342,223
4343,316
4344,286
4345,37
4346,29
4347,1
4348,249
4349,308
4350,112
4351,348
4352,117
4353,210
4354,223
4355,311
4356,192
4357,52
4358,265
4359,298
4360,35
4361,93
4362,248
4363,316
4364,96
4365,57
4366,288
4367,248
4368,287
4369,164
4370,311
4371,293
4372,349
4373,1
4374,311
4375,39
4376,125
4377,337
4378,286
4379,1
4380,248
4381,248
4382,139
4383,112
4384,183
4385,307
4386,304
4387,248
4388,251
4389,129
4390,200
4391,41
4392,129
4393,70
4394,19
4395,276
4396,272
4397,129
4398,103
4399,267
4400,16
4401,144
4402,34
4403,132
4404,58
4405,1
4406,129
4407,129
4408,188
4409,147
4410,263
4411,51
4412,337
4413,128
4414,231
4415,301
4416,342
4417,166
4418,303
4419,147
4420,96
4421,1
4422,41
4423,288
4424,90
4425,199
4426,147
4427,265
4428,261
4429,39
4430,132
4431,225
4432,147
4433,132
4434,293
4435,106
4436,129
4437,238
4438,236
4439,223
4440,312
4441,191
4442,147
4443,132
4444,76
4445,302
4446,249
4447,277
4448,293
4449,147
4450,192
4451,1
4452,138
4453,157
4454,267
4455,223
4456,144
4457,36
4458,299
4459,147
4460,97
4461,246
4462,50
4463,96
4464,288
4465,132
4466,248
4467,282
4468,251
4469,337
4470,248
4471,248
4472,138
4473,289
4474,100
4475,342
4476,236
4477,342
4478,42
4479,351
4480,83
4481,342
4482,302
4483,181
4484,132
4485,138
4486,228
4487,285
4488,248
4489,77
4490,138
4491,112
4492,251
4493,316
4494,239
4495,41
4496,256
4497,132
4498,93
4499,311
4500,293
4501,90
4502,117
4503,251
4504,301
4505,68
4506,223
4507,316
4508,231
4509,315
4510,132
4511,54
4512,65
4513,239
4514,64
4515,112
4516,177
4517,100
4518,239
4519,311
4520,107
4521,298
4522,41
4523,289
4524,359
4525,207
4526,41
4527,297
4528,251
4529,147
4530,75
4531,247
4532,333
4533,288
4534,276
4535,96
4536,311
4537,341
4538,50
4539,132
4540,89
4541,293
4542,91
4543,223
4544,129
4545,185
4546,342
4547,112
4548,266
4549,132
4550,132
4551,50
4552,228
4553,225
4554,1
4555,225
4556,337
4557,248
4558,264
4559,138
4560,44
4561,153
4562,344
4563,267
4564,293
4565,228
4566,323
4567,22
4568,293
4569,42
4570,183
4571,76
4572,50
4573,106
4574,96
4575,192
4576,341
4577,32
4578,303
4579,251
4580,134
4581,147
4582,342
4583,223
4584,112
4585,266
4586,254
4587,301
4588,200
4589,117
4590,164
4591,293
4592,294
4593,225
4594,102
4595,342
4596,294
4597,289
4598,277
4599,303
4600,39
4601,225
4602,157
4603,96
4604,147
4605,177
4606,293
4607,225
4608,283
4609,332
4610,96
4611,232
4612,6
4613,261
4614,225
4615,312
4616,261
4617,316
4618,326
4619,164
4620,248
4621,294
4622,223
4623,158
4624,167
4625,265
4626,129
4627,103
4628,246
4629,282
4630,83
4631,270
4632,166
4633,36
4634,236
4635,109
4636,80
4637,251
4638,262
4639,322
4640,225
4641,125
4642,248
4643,288
4644,248
4645,1
4646,138
4647,265
4648,303
4649,294
4650,320
4651,288
4652,254
4653,311
4654,289
4655,93
4656,248
4657,251
4658,165
4659,39
4660,303
4661,351
4662,96
4663,132
4664,126
4665,311
4666,166
4667,223
4668,270
4669,1
4670,103
4671,332
4672,249
4673,1
4674,29
4675,223
4676,44
4677,138
4678,224
4679,303
4680,243
4681,80
4682,266
4683,318
4684,132
4685,342
4686,91
4687,192
4688,293
4689,358
4690,5
4691,193
4692,251
4693,5
4694,335
4695,225
4696,96
4697,39
4698,248
4699,303
4700,293
4701,129
4702,228
4703,334
4704,265
4705,288
4706,303
4707,223
4708,157
4709,223
4710,149
4711,132
4712,39
4713,342
4714,338
4715,56
4716,263
4717,338
4718,98
4719,294
4720,225
4721,225
4722,112
4723,89
4724,44
4725,31
4726,262
4727,225
4728,303
4729,248
4730,223
4731,147
4732,192
4733,293
4734,300
4735,129
4736,96
4737,228
4738,143
4739,1
4740,251
4741,42
4742,229
4743,132
4744,223
4745,302
4746,297
4747,223
4748,248
4749,150
4750,223
4751,251
4752,138
4753,129
4754,117
4755,303
4756,251
4757,58
4758,355
4759,192
4760,331
4761,33
4762,311
4763,185
4764,83
4765,223
4766,289
4767,1
4768,293
4769,147
4770,130
4771,3
4772,26
4773,65
4774,225
4775,1
4776,261
4777,342
4778,293
4779,180
4780,294
4781,216
4782,41
4783,122
4784,287
4785,225
4786,140
4787,68
4788,169
4789,92
4790,126
4791,227
4792,293
4793,269
4794,309
4795,265
4796,138
4797,132
4798,316
4799,55
4800,125
4801,126
4802,251
4803,211
4804,303
4805,5
4806,337
4807,1
4808,39
4809,180
4810,338
4811,50
4812,342
4813,228
4814,337
4815,166
4816,342
4817,175
4818,303
4819,129
4820,236
4821,96
4822,293
4823,181
4824,303
4825,178
4826,236
4827,157
4828,61
4829,248
4830,279
4831,290
4832,223
4833,298
4834,96
4835,1
4836,248
4837,316
4838,268
4839,343
4840,147
4841,41
4842,112
4843,103
4844,39
4845,202
4846,129
4847,303
4848,303
4849,41
4850,311
4851,41
4852,293
4853,114
4854,248
4855,108
4856,286
4857,76
4858,125
4859,251
4860,238
4861,132
4862,129
4863,228
4864,311
4865,341
4866,103
4867,19
4868,39
4869,311
4870,320
4871,350
4872,43
4873,293
4874,181
4875,251
4876,279
4877,176
4878,242
4879,96
4880,223
4881,288
4882,303
4883,147
4884,1
4885,316
4886,311
4887,129
4888,207
4889,337
4890,262
4891,39
4892,41
4893,323
4894,342
4895,293
4896,136
4897,132
4898,1
4899,248
4900,293
4901,342
4902,304
4903,41
4904,288
4905,316
4906,293
4907,152
4908,96
4909,293
4910,69
4911,56
4912,172
4913,162
4914,225
4915,337
4916,258
4917,31
4918,236
4919,249
4920,348
4921,303
4922,345
4923,166
4924,9
4925,1
4926,342
4927,290
4928,7
4929,223
4930,225
4931,353
4932,38
4933,299
4934,312
4935,101
4936,170
4937,47
4938,172
4939,311
4940,355
4941,39
4942,251
4943,129
4944,83
4945,132
4946,129
4947,301
4948,311
4949,218
4950,135
4951,312
4952,110
4953,132
4954,293
4955,283
4956,96
4957,302
4958,303
4959,65
4960,223
4961,5
4962,263
4963,132
4964,3
4965,251
4966,345
4967,338
4968,293
4969,246
4970,228
4971,274
4972,301
4973,3
4974,39
4975,299
4976,132
4977,37
4978,67
4979,265
4980,95
4981,289
4982,316
4983,192
4984,194
4985,132
4986,80
4987,316
4988,132
4989,138
4990,213
4991,223
4992,258
4993,268
4994,5
4995,279
4996,251
4997,283
4998,223
4999,251
5000,273
5001,132
5002,178
5003,41
5004,262
5005,97
5006,1
5007,112
5008,266
5009,128
5010,117
5011,147
5012,31
5013,99
5014,316
5015,326
5016,97
5017,39
5018,223
5019,181
5020,194
5021,61
5022,193
5023,106
5024,128
5025,147
5026,248
5027,110
5028,96
5029,263
5030,1
5031,223
5032,39
5033,147
5034,235
5035,304
5036,3
5037,1
5038,321
5039,342
5040,85
5041,289
5042,308
5043,311
5044,258
5045,178
5046,142
5047,76
5048,83
5049,264
5050,293
5051,275
5052,287
5053,125
5054,307
5055,173
5056,107
5057,357
5058,243
5059,41
5060,219
5061,138
5062,297
5063,135
5064,1
5065,225
5066,333
5067,39
5068,96
5069,265
5070,322
5071,96
5072,157
5073,96
5074,264
5075,288
5076,61
5077,342
5078,223
5079,146
5080,251
5081,80
5082,100
5083,293
5084,225
5085,248
5086,65
5087,293
5088,228
5089,0
5090,242
5091,308
5092,36
5093,217
5094,39
5095,96
5096,293
5097,286
5098,80
5099,39
5100,132
5101,224
5102,298
5103,320
5104,261
5105,64
5106,41
5107,103
5108,103
5109,138
5110,316
5111,89
5112,293
5113,27
5114,1
5115,242
5116,117
5117,303
5118,298
5119,125
5120,200
5121,192
5122,39
5123,49
5124,228
5125,228
5126,359
5127,140
5128,289
5129,147
5130,83
5131,172
5132,41
5133,358
5134,293
5135,303
5136,91
5137,347
5138,358
5139,293
5140,316
5141,96
5142,115
5143,311
5144,207
5145,202
5146,31
5147,284
5148,249
5149,157
5150,50
5151,39
5152,248
5153,316
5154,293
5155,322
5156,31
5157,251
5158,293
5159,32
5160,83
5161,248
5162,333
5163,129
5164,254
5165,129
5166,39
5167,304
5168,311
5169,288
5170,308
5171,311
5172,265
5173,350
5174,83
5175,265
5176,346
5177,215
5178,289
5179,135
5180,303
5181,129
5182,96
5183,260
5184,33
5185,61
5186,303
5187,330
5188,251
5189,224
5190,286
5191,355
5192,16
5193,251
5194,1
5195,337
5196,316
5197,106
5198,162
5199,164
5200,1
5201,41
5202,264
5203,223
5204,101
5205,302
5206,83
5207,247
5208,347
5209,96
5210,228
5211,223
5212,258
5213,181
5214,293
5215,251
5216,236
5217,225
5218,249
5219,287
5220,278
5221,302
5222,342
5223,132
5224,251
5225,228
5226,110
5227,249
5228,96
5229,62
5230,341
5231,248
5232,288
5233,56
5234,129
5235,358
5236,159
5237,132
5238,248
5239,41
5240,177
5241,238
5242,225
5243,265
5244,112
5245,304
5246,258
5247,244
5248,223
5249,147
5250,301
5251,337
5252,96
5253,345
5254,22
5255,144
5256,251
5257,41
5258,112
5259,236
5260,267
5261,118
5262,225
5263,311
5264,44
5265,129
5266,181
5267,333
5268,306
5269,172
5270,286
5271,129
5272,1
5273,169
5274,110
5275,85
5276,117
5277,311
5278,251
5279,320
5280,265
5281,191
5282,269
5283,342
5284,280
5285,288
5286,311
5287,56
5288,311
5289,225
5290,138
5291,50
5292,1
5293,303
5294,292
5295,1
5296,248
5297,190
5298,129
5299,236
5300,236
5301,320
5302,166
5303,117
5304,207
5305,181
5306,303
5307,293
5308,40
5309,293
5310,224
5311,342
5312,1
5313,6
5314,228
5315,223
5316,125
5317,129
5318,129
5319,103
5320,157
5321,138
5322,292
5323,303
5324,132
5325,316
5326,112
5327,303
5328,240
5329,277
5330,132
5331,132
5332,1
5333,337
5334,147
5335,357
5336,251
5337,229
5338,39
5339,39
5340,225
5341,29
5342,311
5343,39
5344,251
5345,337
5346,223
5347,67
5348,1
5349,301
5350,223
5351,304
5352,128
5353,86
5354,100
5355,151
5356,288
5357,110
5358,51
5359,265
5360,251
5361,223
5362,129
5363,293
5364,47
5365,346
5366,132
5367,293
5368,251
5369,56
5370,166
5371,311
5372,342
5373,298
5374,316
5375,225
5376,275
5377,320
5378,294
5379,316
5380,288
5381,41
5382,228
5383,260
5384,132
5385,192
5386,132
5387,166
5388,308
5389,293
5390,112
5391,265
5392,0
5393,304
5394,337
5395,343
5396,4
5397,251
5398,106
5399,248
5400,117
5401,342
5402,316
5403,337
5404,146
5405,316
5406,316
5407,223
5408,359
5409,138
5410,261
5411,210
5412,141
5413,312
5414,286
5415,56
5416,50
5417,27
5418,41
5419,254
5420,300
5421,316
5422,237
5423,108
5424,298
5425,138
5426,96
5427,37
5428,1
5429,56
5430,223
5431,179
5432,49
5433,114
5434,103
5435,147
5436,132
5437,147
5438,147
5439,149
5440,240
5441,243
5442,96
5443,279
5444,132
5445,315
5446,238
5447,355
5448,147
5449,125
5450,147
5451,301
5452,248
5453,100
5454,83
5455,56
5456,128
5457,343
5458,145
5459,120
5460,39
5461,132
5462,225
5463,293
5464,311
5465,342
5466,138
5467,147
5468,207
5469,132
5470,323
5471,36
5472,138
5473,41
5474,264
5475,41
5476,5
5477,223
5478,241
5479,236
5480,223
5481,0
5482,108
5483,191
5484,251
5485,288
5486,356
5487,129
5488,138
5489,39
5490,26
5491,132
5492,277
5493,286
5494,293
5495,308
5496,225
5497,147
5498,241
5499,138
5500,39
5501,157
5502,93
5503,288
5504,228
5505,147
5506,288
5507,262
5508,265
5509,288
5510,299
5511,316
5512,337
5513,344
5514,112
5515,223
5516,265
5517,31
5518,106
5519,39
5520,97
5521,138
5522,246
5523,304
5524,301
5525,293
5526,93
5527,138
5528,20
5529,132
5530,114
5531,83
5532,276
5533,96
5534,313
5535,128
5536,132
5537,138
5538,303
5539,265
5540,228
5541,284
5542,211
5543,132
5544,303
5545,223
5546,103
5547,285
5548,70
5549,138
5550,112
5551,70
5552,318
5553,293
5554,262
5555,147
5556,304
5557,93
5558,180
5559,228
5560,293
5561,98
5562,251
5563,96
5564,132
5565,312
5566,49
5567,108
5568,228
5569,224
5570,112
5571,223
5572,350
5573,155
5574,0
5575,218
5576,223
5577,145
5578,163
5579,138
5580,316
5581,165
5582,68
5583,1
5584,41
5585,8
5586,98
5587,248
5588,345
5589,248
5590,343
5591,251
5592,308
5593,322
5594,181
5595,165
5596,304
5597,265
5598,41
5599,138
5600,127
5601,79
5602,96
5603,195
5604,303
5605,340
5606,157
5607,132
5608,225
5609,311
5610,316
5611,41
5612,138
5613,129
5614,266
5615,166
5616,293
5617,44
5618,298
5619,39
5620,244
5621,138
5622,42
5623,326
5624,228
5625,223
5626,342
5627,1
5628,91
5629,342
5630,225
5631,108
5632,39
5633,96
5634,223
5635,192
5636,129
5637,132
5638,288
5639,265
5640,147
5641,288
5642,99
5643,1
5644,277
5645,33
5646,33
5647,287
5648,269
5649,98
5650,251
5651,311
5652,288
5653,225
5654,265
5655,288
5656,132
5657,302
5658,351
5659,168
5660,55
5661,267
5662,268
5663,148
5664,132
5665,327
5666,92
5667,39
5668,228
5669,96
5670,359
5671,167
5672,39
5673,39
5674,251
5675,96
5676,313
5677,337
5678,3
5679,157
5680,313
5681,129
5682,83
5683,311
5684,316
5685,248
5686,311
5687,234
5688,22
5689,0
5690,266
5691,146
5692,237
5693,353
5694,288
5695,277
5696,251
5697,129
5698,353
5699,316
5700,264
5701,112
5702,29
5703,147
5704,41
5705,265
5706,36
5707,337
5708,138
5709,293
5710,295
5711,110
5712,359
5713,132
5714,342
5715,279
5716,100
5717,294
5718,223
5719,147
5720,125
5721,223
5722,183
5723,248
5724,115
5725,1
5726,287
5727,265
5728,247
5729,157
5730,125
5731,1
5732,138
5733,132
5734,138
5735,276
5736,225
5737,132
5738,288
5739,129
5740,225
5741,41
5742,147
5743,132
5744,342
5745,42
5746,91
5747,132
5748,334
5749,264
5750,138
5751,311
5752,323
5753,132
5754,311
5755,118
5756,223
5757,359
5758,340
5759,132
5760,1
5761,223
5762,225
5763,279
5764,288
5765,41
5766,129
5767,39
5768,298
5769,29
5770,61
5771,132
5772,265
5773,228
5774,179
5775,39
5776,117
5777,264
5778,225
5779,132
5780,138
5781,29
5782,265
5783,166
5784,129
5785,293
5786,85
5787,143
5788,138
5789,129
5790,140
5791,34
5792,135
5793,293
5794,293
5795,251
5796,303
5797,17
5798,41
5799,20
5800,288
5801,270
5802,157
5803,147
5804,223
5805,1
5806,316
5807,288
5808,293
5809,41
5810,129
5811,288
5812,112
5813,39
5814,228
5815,323
5816,284
5817,35
5818,243
5819,92
5820,135
5821,147
5822,62
5823,138
5824,342
5825,311
5826,311
5827,265
5828,18
5829,316
5830,172
5831,96
5832,312
5833,0
5834,181
5835,337
5836,27
5837,225
5838,96
5839,265
5840,345
5841,83
5842,129
5843,138
5844,286
5845,292
5846,96
5847,132
5848,41
5849,147
5850,112
5851,288
5852,293
5853,166
5854,263
5855,166
5856,289
5857,223
5858,79
5859,147
5860,147
5861,110
5862,309
5863,115
5864,312
5865,290
5866,349
5867,129
5868,132
5869,236
5870,225
5871,303
5872,138
5873,129
5874,72
5875,228
5876,166
5877,96
5878,315
5879,93
5880,293
5881,41
5882,44
5883,39
5884,1
5885,143
5886,109
5887,350
5888,286
5889,110
5890,228
5891,311
5892,69
5893,117
5894,106
5895,39
5896,350
5897,99
5898,132
5899,293
5900,223
5901,1
5902,147
5903,41
5904,114
5905,92
5906,126
5907,135
5908,265
5909,200
5910,194
5911,304
5912,225
5913,129
5914,103
5915,338
5916,337
5917,276
5918,342
5919,303
5920,41
5921,342
5922,251
5923,305
5924,69
5925,251
5926,223
5927,342
5928,251
5929,50
5930,147
5931,132
5932,39
5933,30
5934,117
5935,243
5936,311
5937,5
5938,248
5939,89
5940,143
5941,342
5942,337
5943,147
5944,132
5945,62
5946,251
5947,342
5948,41
5949,99
5950,16
5951,261
5952,30
5953,322
5954,80
5955,112
5956,248
5957,225
5958,288
5959,293
5960,223
5961,248
5962,316
5963,132
5964,293
5965,261
5966,99
5967,311
5968,254
5969,41
5970,279
5971,248
5972,288
5973,248
5974,330
5975,27
5976,248
5977,36
5978,138
5979,288
5980,175
5981,246
5982,248
5983,180
5984,138
5985,337
5986,147
5987,223
5988,39
5989,223
5990,29
5991,41
5992,303
5993,193
5994,211
5995,45
5996,132
5997,225
5998,115
5999,147
6000,288
6001,223
6002,138
6003,39
6004,211
6005,132
6006,293
6007,110
6008,129
6009,225
6010,132
6011,152
6012,267
6013,289
6014,293
6015,248
6016,225
6017,288
6018,304
6019,129
6020,36
6021,2
6022,132
6023,301
6024,5
6025,311
6026,67
6027,145
6028,350
6029,323
6030,4
6031,207
6032,311
6033,129
6034,93
6035,147
6036,138
6037,132
6038,106
6039,80
6040,334
6041,355
6042,223
6043,39
6044,254
6045,345
6046,122
6047,350
6048,1
6049,279
6050,267
6051,324
6052,294
6053,41
6054,231
6055,297
6056,3
6057,178
6058,166
6059,99
6060,57
6061,117
6062,303
6063,183
6064,138
6065,183
6066,248
6067,132
6068,348
6069,260
6070,129
6071,31
6072,288
6073,129
6074,251
6075,147
6076,65
6077,243
6078,39
6079,248
6080,166
6081,39
6082,96
6083,195
6084,38
6085,183
6086,41
6087,138
6088,337
6089,228
6090,27
6091,114
6092,109
6093,114
6094,65
6095,225
6096,224
6097,5
6098,258
6099,228
6100,1
6101,303
6102,96
6103,265
6104,106
6105,231
6106,132
6107,343
6108,106
6109,1
6110,142
6111,236
6112,248
6113,293
6114,337
6115,292
6116,96
6117,129
6118,183
6119,337
6120,180
6121,329
6122,147
6123,132
6124,202
6125,50
6126,288
6127,31
6128,359
6129,91
6130,138
6131,225
6132,147
6133,311
6134,228
6135,138
6136,132
6137,206
6138,129
6139,224
6140,50
6141,275
6142,281
6143,228
6144,117
6145,1
6146,251
6147,138
6148,147
6149,39
6150,246
6151,41
6152,318
6153,92
6154,112
6155,39
6156,303
6157,56
6158,264
6159,219
6160,183
6161,129
6162,265
6163,288
6164,358
6165,243
6166,138
6167,311
6168,228
6169,120
6170,303
6171,1
6172,248
6173,335
6174,96
6175,293
6176,228
6177,56
6178,337
6179,311
6180,265
6181,132
6182,138
6183,303
6184,147
6185,105
6186,18
6187,112
6188,1
6189,140
6190,39
6191,239
6192,41
6193,27
6194,147
6195,283
6196,236
6197,56
6198,237
6199,40
6200,251
6201,52
6202,117
6203,132
6204,262
6205,359
6206,231
6207,357
6208,238
6209,188
6210,353
6211,132
6212,286
6213,96
6214,342
6215,132
6216,166
6217,41
6218,39
6219,129
6220,342
6221,265
6222,219
6223,301
6224,192
6225,47
6226,147
6227,251
6228,217
6229,302
6230,337
6231,223
6232,132
6233,223
6234,32
6235,118
6236,147
6237,266
6238,35
6239,301
6240,219
6241,50
6242,144
6243,249
6244,251
6245,8
6246,127
6247,223
6248,147
6249,287
6250,138
6251,228
6252,1
6253,132
6254,39
6255,129
6256,248
6257,342
6258,342
6259,307
6260,135
6261,129
6262,112
6263,248
6264,181
6265,129
6266,147
6267,138
6268,39
6269,41
6270,38
6271,265
6272,50
6273,39
6274,337
6275,284
6276,63
6277,288
6278,68
6279,342
6280,129
6281,183
6282,65
6283,193
6284,96
6285,303
6286,135
6287,219
6288,135
6289,308
6290,288
6291,1
6292,132
6293,138
6294,138
6295,311
6296,311
6297,1
6298,129
6299,50
6300,206
6301,5
6302,223
6303,50
6304,308
6305,293
6306,223
6307,239
6308,39
6309,303
6310,147
6311,4
6312,1
6313,61
6314,337
6315,249
6316,248
6317,337
6318,299
6319,108
6320,29
6321,228
6322,249
6323,302
6324,236
6325,279
6326,223
6327,262
6328,112
6329,49
6330,56
6331,166
6332,225
6333,129
6334,147
6335,34
6336,349
6337,351
6338,132
6339,1
6340,308
6341,39
6342,303
6343,225
6344,100
6345,293
6346,36
6347,132
6348,265
6349,303
6350,132
6351,251
6352,265
6353,80
6354,225
6355,132
6356,39
6357,289
6358,325
6359,223
6360,39
6361,279
6362,303
6363,353
6364,1
6365,311
6366,92
6367,138
6368,140
6369,135
6370,132
6371,265
6372,355
6373,287
6374,247
6375,323
6376,132
6377,129
6378,273
6379,342
6380,173
6381,287
6382,245
6383,223
6384,151
6385,265
6386,293
6387,166
6388,189
6389,288
6390,117
6391,193
6392,61
6393,289
6394,225
6395,1
6396,293
6397,311
6398,318
6399,157
6400,176
6401,110
6402,311
6403,293
6404,216
6405,192
6406,39
6407,39
6408,275
6409,30
6410,102
6411,95
6412,63
6413,342
6414,103
6415,1
6416,326
6417,96
6418,265
6419,293
6420,157
6421,289
6422,246
6423,249
6424,232
6425,1
6426,251
6427,286
6428,357
6429,39
6430,223
6431,211
6432,303
6433,136
6434,251
6435,265
6436,293
6437,304
6438,245
6439,248
6440,79
6441,314
6442,68
6443,49
6444,251
6445,147
6446,100
6447,303
6448,132
6449,228
6450,289
6451,80
6452,110
6453,337
6454,49
6455,30
6456,147
6457,248
6458,308
6459,279
6460,115
6461,163
6462,251
6463,206
6464,62
6465,39
6466,248
6467,265
6468,225
6469,321
6470,262
6471,200
6472,262
6473,132
6474,225
6475,138
6476,96
6477,147
6478,297
6479,342
6480,223
6481,293
6482,316
6483,183
6484,293
6485,39
6486,279
6487,293
6488,298
6489,311
6490,83
6491,197
6492,172
6493,129
6494,96
6495,223
6496,265
6497,77
6498,288
6499,338
6500,225
6501,162
6502,275
6503,125
6504,270
6505,39
6506,96
6507,329
6508,245
6509,293
6510,333
6511,342
6512,316
6513,183
6514,248
6515,1
6516,322
6517,154
6518,288
6519,27
6520,132
6521,129
6522,332
6523,288
6524,306
6525,228
6526,132
6527,316
6528,138
6529,129
6530,342
6531,303
6532,238
6533,225
6534,248
6535,132
6536,147
6537,228
6538,225
6539,223
6540,293
6541,223
6542,39
6543,265
6544,61
6545,138
6546,105
6547,225
6548,243
6549,303
6550,251
6551,3
6552,106
6553,144
6554,9
6555,289
6556,287
6557,253
6558,357
6559,265
6560,147
6561,319
6562,223
6563,318
6564,117
6565,112
6566,39
6567,177
6568,303
6569,236
6570,303
6571,157
6572,178
6573,41
6574,348
6575,110
6576,147
6577,41
6578,125
6579,225
6580,237
6581,47
6582,39
6583,251
6584,138
6585,294
6586,65
6587,41
6588,276
6589,251
6590,225
6591,57
6592,225
6593,299
6594,283
6595,270
6596,218
6597,288
6598,147
6599,228
6600,0
6601,90
6602,221
6603,316
6604,96
6605,138
6606,183
6607,115
6608,337
6609,129
6610,287
6611,147
6612,225
6613,44
6614,303
6615,145
6616,112
6617,96
6618,294
6619,342
6620,147
6621,200
6622,112
6623,80
6624,147
6625,129
6626,176
6627,129
6628,1
6629,230
6630,85
6631,275
6632,267
6633,129
6634,333
6635,96
6636,303
6637,255
6638,225
6639,303
6640,193
6641,5
6642,251
6643,110
6644,304
6645,322
6646,132
6647,223
6648,193
6649,267
6650,316
6651,306
6652,219
6653,138
6654,342
6655,41
6656,225
6657,117
6658,336
6659,85
6660,223
6661,342
6662,288
6663,33
6664,304
6665,251
6666,293
6667,223
6668,112
6669,294
6670,29
6671,85
6672,261
6673,303
6674,350
6675,129
6676,302
6677,166
6678,266
6679,322
6680,237
6681,337
6682,50
6683,303
6684,100
6685,100
6686,132
6687,39
6688,38
6689,322
6690,270
6691,251
6692,1
6693,35
6694,288
6695,96
6696,147
6697,294
6698,192
6699,199
6700,138
6701,337
